filename,label,length,split
series_0.csv,deterministic,114,train
series_1.csv,stochastic,61,train
series_2.csv,deterministic,65,train
series_3.csv,stochastic,150,train
series_4.csv,stochastic,86,train
series_5.csv,no_trend,119,train
series_6.csv,stochastic,140,train
series_7.csv,stochastic,102,train
series_8.csv,stochastic,90,train
series_9.csv,deterministic,52,train
series_10.csv,stochastic,146,train
series_11.csv,stochastic,75,train
series_12.csv,stochastic,92,train
series_13.csv,deterministic,123,train
series_14.csv,deterministic,51,train
series_15.csv,deterministic,136,train
series_16.csv,deterministic,49,train
series_17.csv,stochastic,84,train
series_18.csv,no_trend,85,train
series_19.csv,no_trend,76,train
series_20.csv,deterministic,33,train
series_21.csv,no_trend,58,train
series_22.csv,no_trend,101,train
series_23.csv,no_trend,76,train
series_24.csv,deterministic,27,train
series_25.csv,deterministic,66,train
series_26.csv,deterministic,73,train
series_27.csv,no_trend,99,train
series_28.csv,deterministic,81,train
series_29.csv,stochastic,132,train
series_30.csv,no_trend,71,train
series_31.csv,no_trend,119,train
series_32.csv,stochastic,114,train
series_33.csv,no_trend,142,train
series_34.csv,deterministic,42,train
series_35.csv,no_trend,135,train
series_36.csv,no_trend,73,train
series_37.csv,deterministic,34,train
series_38.csv,stochastic,127,train
series_39.csv,stochastic,90,train
series_40.csv,stochastic,73,train
series_41.csv,deterministic,143,train
series_42.csv,no_trend,73,train
series_43.csv,stochastic,138,train
series_44.csv,no_trend,85,train
series_45.csv,stochastic,100,train
series_46.csv,no_trend,97,train
series_47.csv,no_trend,25,train
series_48.csv,stochastic,28,train
series_49.csv,deterministic,40,train
series_50.csv,no_trend,118,train
series_51.csv,no_trend,96,train
series_52.csv,stochastic,88,train
series_53.csv,deterministic,42,train
series_54.csv,no_trend,97,train
series_55.csv,stochastic,77,train
series_56.csv,stochastic,55,train
series_57.csv,deterministic,136,train
series_58.csv,no_trend,101,train
series_59.csv,stochastic,23,train
series_60.csv,deterministic,150,train
series_61.csv,stochastic,44,train
series_62.csv,no_trend,21,train
series_63.csv,deterministic,54,train
series_64.csv,deterministic,85,train
series_65.csv,no_trend,147,train
series_66.csv,deterministic,130,train
series_67.csv,no_trend,46,train
series_68.csv,stochastic,23,train
series_69.csv,no_trend,117,train
series_70.csv,stochastic,69,train
series_71.csv,stochastic,65,train
series_72.csv,stochastic,77,train
series_73.csv,stochastic,90,train
series_74.csv,stochastic,150,train
series_75.csv,stochastic,80,train
series_76.csv,stochastic,43,train
series_77.csv,deterministic,94,train
series_78.csv,stochastic,81,train
series_79.csv,deterministic,109,train
series_80.csv,no_trend,36,train
series_81.csv,no_trend,47,train
series_82.csv,deterministic,53,train
series_83.csv,deterministic,80,train
series_84.csv,stochastic,44,train
series_85.csv,deterministic,97,train
series_86.csv,deterministic,97,train
series_87.csv,stochastic,41,train
series_88.csv,stochastic,69,train
series_89.csv,stochastic,96,train
series_90.csv,stochastic,91,train
series_91.csv,deterministic,25,train
series_92.csv,stochastic,108,train
series_93.csv,no_trend,81,train
series_94.csv,no_trend,60,train
series_95.csv,no_trend,52,train
series_96.csv,deterministic,147,train
series_97.csv,no_trend,133,train
series_98.csv,deterministic,124,train
series_99.csv,deterministic,108,train
series_100.csv,deterministic,55,train
series_101.csv,no_trend,64,train
series_102.csv,deterministic,28,train
series_103.csv,stochastic,88,train
series_104.csv,stochastic,22,train
series_105.csv,no_trend,136,train
series_106.csv,stochastic,97,train
series_107.csv,no_trend,26,train
series_108.csv,stochastic,104,train
series_109.csv,no_trend,71,train
series_110.csv,deterministic,95,train
series_111.csv,no_trend,139,train
series_112.csv,stochastic,88,train
series_113.csv,no_trend,82,train
series_114.csv,deterministic,62,train
series_115.csv,stochastic,108,train
series_116.csv,deterministic,123,train
series_117.csv,no_trend,91,train
series_118.csv,no_trend,136,train
series_119.csv,no_trend,90,train
series_120.csv,deterministic,118,train
series_121.csv,no_trend,122,train
series_122.csv,no_trend,83,train
series_123.csv,deterministic,28,train
series_124.csv,no_trend,100,train
series_125.csv,no_trend,44,train
series_126.csv,deterministic,83,train
series_127.csv,deterministic,150,train
series_128.csv,stochastic,111,train
series_129.csv,stochastic,124,train
series_130.csv,no_trend,147,train
series_131.csv,no_trend,41,train
series_132.csv,deterministic,95,train
series_133.csv,deterministic,71,train
series_134.csv,no_trend,86,train
series_135.csv,no_trend,76,train
series_136.csv,no_trend,46,train
series_137.csv,deterministic,86,train
series_138.csv,deterministic,121,train
series_139.csv,deterministic,100,train
series_140.csv,deterministic,106,train
series_141.csv,no_trend,112,train
series_142.csv,deterministic,148,train
series_143.csv,deterministic,89,train
series_144.csv,deterministic,141,train
series_145.csv,no_trend,30,train
series_146.csv,stochastic,59,train
series_147.csv,stochastic,102,train
series_148.csv,deterministic,121,train
series_149.csv,deterministic,73,train
series_150.csv,stochastic,44,train
series_151.csv,no_trend,73,train
series_152.csv,no_trend,80,train
series_153.csv,stochastic,103,train
series_154.csv,no_trend,76,train
series_155.csv,no_trend,87,train
series_156.csv,deterministic,138,train
series_157.csv,stochastic,111,train
series_158.csv,stochastic,35,train
series_159.csv,stochastic,133,train
series_160.csv,deterministic,62,train
series_161.csv,no_trend,144,train
series_162.csv,stochastic,134,train
series_163.csv,no_trend,124,train
series_164.csv,deterministic,21,train
series_165.csv,deterministic,75,train
series_166.csv,deterministic,81,train
series_167.csv,deterministic,130,train
series_168.csv,stochastic,36,train
series_169.csv,no_trend,129,train
series_170.csv,stochastic,133,train
series_171.csv,no_trend,121,train
series_172.csv,no_trend,34,train
series_173.csv,deterministic,118,train
series_174.csv,stochastic,100,train
series_175.csv,stochastic,120,train
series_176.csv,no_trend,85,train
series_177.csv,deterministic,103,train
series_178.csv,no_trend,78,train
series_179.csv,stochastic,108,train
series_180.csv,stochastic,142,train
series_181.csv,stochastic,132,train
series_182.csv,deterministic,38,train
series_183.csv,deterministic,99,train
series_184.csv,deterministic,133,train
series_185.csv,deterministic,89,train
series_186.csv,no_trend,51,train
series_187.csv,no_trend,39,train
series_188.csv,deterministic,115,train
series_189.csv,deterministic,149,train
series_190.csv,no_trend,49,train
series_191.csv,stochastic,115,train
series_192.csv,no_trend,150,train
series_193.csv,no_trend,109,train
series_194.csv,no_trend,107,train
series_195.csv,deterministic,63,train
series_196.csv,no_trend,35,train
series_197.csv,deterministic,76,train
series_198.csv,deterministic,55,train
series_199.csv,no_trend,26,train
series_200.csv,no_trend,98,train
series_201.csv,deterministic,117,train
series_202.csv,stochastic,30,train
series_203.csv,deterministic,150,train
series_204.csv,stochastic,117,train
series_205.csv,no_trend,115,train
series_206.csv,stochastic,86,train
series_207.csv,deterministic,125,train
series_208.csv,no_trend,109,train
series_209.csv,no_trend,21,train
series_210.csv,no_trend,52,train
series_211.csv,deterministic,83,train
series_212.csv,deterministic,82,train
series_213.csv,deterministic,29,train
series_214.csv,no_trend,140,train
series_215.csv,deterministic,65,train
series_216.csv,deterministic,115,train
series_217.csv,stochastic,101,train
series_218.csv,no_trend,51,train
series_219.csv,no_trend,24,train
series_220.csv,deterministic,81,train
series_221.csv,no_trend,143,train
series_222.csv,no_trend,92,train
series_223.csv,no_trend,144,train
series_224.csv,no_trend,99,train
series_225.csv,no_trend,110,train
series_226.csv,no_trend,127,train
series_227.csv,no_trend,126,train
series_228.csv,stochastic,78,train
series_229.csv,no_trend,146,train
series_230.csv,no_trend,28,train
series_231.csv,no_trend,130,train
series_232.csv,no_trend,90,train
series_233.csv,deterministic,120,train
series_234.csv,no_trend,93,train
series_235.csv,stochastic,32,train
series_236.csv,no_trend,139,train
series_237.csv,stochastic,134,train
series_238.csv,stochastic,72,train
series_239.csv,no_trend,59,train
series_240.csv,stochastic,39,train
series_241.csv,no_trend,55,train
series_242.csv,no_trend,84,train
series_243.csv,no_trend,23,train
series_244.csv,stochastic,44,train
series_245.csv,no_trend,138,train
series_246.csv,deterministic,106,train
series_247.csv,stochastic,51,train
series_248.csv,stochastic,143,train
series_249.csv,deterministic,91,train
series_250.csv,deterministic,130,train
series_251.csv,no_trend,141,train
series_252.csv,no_trend,26,train
series_253.csv,stochastic,97,train
series_254.csv,stochastic,90,train
series_255.csv,stochastic,50,train
series_256.csv,deterministic,50,train
series_257.csv,stochastic,39,train
series_258.csv,stochastic,92,train
series_259.csv,deterministic,104,train
series_260.csv,stochastic,116,train
series_261.csv,deterministic,45,train
series_262.csv,stochastic,129,train
series_263.csv,no_trend,117,train
series_264.csv,no_trend,26,train
series_265.csv,stochastic,86,train
series_266.csv,stochastic,123,train
series_267.csv,stochastic,124,train
series_268.csv,stochastic,130,train
series_269.csv,no_trend,101,train
series_270.csv,stochastic,30,train
series_271.csv,stochastic,53,train
series_272.csv,no_trend,62,train
series_273.csv,stochastic,92,train
series_274.csv,deterministic,37,train
series_275.csv,no_trend,37,train
series_276.csv,deterministic,86,train
series_277.csv,no_trend,108,train
series_278.csv,deterministic,78,train
series_279.csv,no_trend,107,train
series_280.csv,stochastic,139,train
series_281.csv,no_trend,51,train
series_282.csv,deterministic,75,train
series_283.csv,no_trend,34,train
series_284.csv,deterministic,97,train
series_285.csv,stochastic,54,train
series_286.csv,deterministic,81,train
series_287.csv,no_trend,84,train
series_288.csv,deterministic,88,train
series_289.csv,no_trend,111,train
series_290.csv,no_trend,115,train
series_291.csv,stochastic,107,train
series_292.csv,deterministic,48,train
series_293.csv,stochastic,72,train
series_294.csv,stochastic,46,train
series_295.csv,stochastic,77,train
series_296.csv,deterministic,37,train
series_297.csv,stochastic,64,train
series_298.csv,no_trend,120,train
series_299.csv,no_trend,65,train
series_300.csv,stochastic,43,train
series_301.csv,deterministic,51,train
series_302.csv,deterministic,62,train
series_303.csv,deterministic,92,train
series_304.csv,stochastic,43,train
series_305.csv,no_trend,112,train
series_306.csv,no_trend,100,train
series_307.csv,deterministic,92,train
series_308.csv,stochastic,31,train
series_309.csv,deterministic,41,train
series_310.csv,no_trend,149,train
series_311.csv,stochastic,25,train
series_312.csv,no_trend,133,train
series_313.csv,no_trend,139,train
series_314.csv,deterministic,52,train
series_315.csv,deterministic,105,train
series_316.csv,stochastic,130,train
series_317.csv,deterministic,60,train
series_318.csv,stochastic,98,train
series_319.csv,stochastic,43,train
series_320.csv,no_trend,129,train
series_321.csv,no_trend,44,train
series_322.csv,no_trend,129,train
series_323.csv,stochastic,116,train
series_324.csv,no_trend,110,train
series_325.csv,deterministic,32,train
series_326.csv,deterministic,147,train
series_327.csv,no_trend,124,train
series_328.csv,deterministic,68,train
series_329.csv,no_trend,57,train
series_330.csv,deterministic,64,train
series_331.csv,stochastic,77,train
series_332.csv,stochastic,107,train
series_333.csv,no_trend,26,train
series_334.csv,no_trend,23,train
series_335.csv,stochastic,45,train
series_336.csv,deterministic,76,train
series_337.csv,stochastic,91,train
series_338.csv,deterministic,132,train
series_339.csv,stochastic,42,train
series_340.csv,deterministic,66,train
series_341.csv,no_trend,137,train
series_342.csv,stochastic,96,train
series_343.csv,stochastic,55,train
series_344.csv,deterministic,142,train
series_345.csv,deterministic,26,train
series_346.csv,deterministic,58,train
series_347.csv,no_trend,62,train
series_348.csv,no_trend,130,train
series_349.csv,no_trend,65,train
series_350.csv,stochastic,95,train
series_351.csv,deterministic,98,train
series_352.csv,deterministic,90,train
series_353.csv,no_trend,112,train
series_354.csv,no_trend,101,train
series_355.csv,stochastic,84,train
series_356.csv,deterministic,25,train
series_357.csv,deterministic,89,train
series_358.csv,deterministic,113,train
series_359.csv,stochastic,77,train
series_360.csv,deterministic,43,train
series_361.csv,no_trend,115,train
series_362.csv,no_trend,36,train
series_363.csv,deterministic,141,train
series_364.csv,stochastic,41,train
series_365.csv,deterministic,109,train
series_366.csv,stochastic,97,train
series_367.csv,stochastic,142,train
series_368.csv,deterministic,59,train
series_369.csv,stochastic,144,train
series_370.csv,stochastic,119,train
series_371.csv,deterministic,66,train
series_372.csv,no_trend,90,train
series_373.csv,deterministic,85,train
series_374.csv,no_trend,138,train
series_375.csv,deterministic,106,train
series_376.csv,stochastic,91,train
series_377.csv,deterministic,111,train
series_378.csv,no_trend,20,train
series_379.csv,no_trend,105,train
series_380.csv,deterministic,73,train
series_381.csv,stochastic,51,train
series_382.csv,deterministic,130,train
series_383.csv,deterministic,89,train
series_384.csv,deterministic,51,train
series_385.csv,deterministic,68,train
series_386.csv,stochastic,135,train
series_387.csv,stochastic,67,train
series_388.csv,stochastic,100,train
series_389.csv,no_trend,123,train
series_390.csv,no_trend,109,train
series_391.csv,deterministic,44,train
series_392.csv,stochastic,36,train
series_393.csv,no_trend,21,train
series_394.csv,stochastic,81,train
series_395.csv,no_trend,22,train
series_396.csv,no_trend,51,train
series_397.csv,stochastic,36,train
series_398.csv,deterministic,59,train
series_399.csv,deterministic,57,train
series_400.csv,deterministic,150,train
series_401.csv,no_trend,95,train
series_402.csv,deterministic,81,train
series_403.csv,deterministic,53,train
series_404.csv,deterministic,70,train
series_405.csv,no_trend,86,train
series_406.csv,stochastic,126,train
series_407.csv,stochastic,64,train
series_408.csv,stochastic,149,train
series_409.csv,deterministic,113,train
series_410.csv,no_trend,144,train
series_411.csv,no_trend,142,train
series_412.csv,stochastic,44,train
series_413.csv,no_trend,140,train
series_414.csv,deterministic,101,train
series_415.csv,deterministic,93,train
series_416.csv,no_trend,63,train
series_417.csv,no_trend,43,train
series_418.csv,deterministic,34,train
series_419.csv,deterministic,26,train
series_420.csv,no_trend,144,train
series_421.csv,no_trend,121,train
series_422.csv,no_trend,89,train
series_423.csv,stochastic,76,train
series_424.csv,stochastic,44,train
series_425.csv,no_trend,36,train
series_426.csv,deterministic,29,train
series_427.csv,no_trend,95,train
series_428.csv,stochastic,100,train
series_429.csv,no_trend,141,train
series_430.csv,stochastic,143,train
series_431.csv,stochastic,143,train
series_432.csv,no_trend,30,train
series_433.csv,stochastic,126,train
series_434.csv,deterministic,121,train
series_435.csv,deterministic,68,train
series_436.csv,deterministic,80,train
series_437.csv,stochastic,142,train
series_438.csv,deterministic,91,train
series_439.csv,deterministic,48,train
series_440.csv,no_trend,141,train
series_441.csv,deterministic,38,train
series_442.csv,no_trend,134,train
series_443.csv,no_trend,116,train
series_444.csv,stochastic,101,train
series_445.csv,deterministic,22,train
series_446.csv,deterministic,37,train
series_447.csv,stochastic,149,train
series_448.csv,deterministic,40,train
series_449.csv,deterministic,127,train
series_450.csv,stochastic,30,train
series_451.csv,stochastic,71,train
series_452.csv,stochastic,141,train
series_453.csv,no_trend,77,train
series_454.csv,stochastic,20,train
series_455.csv,stochastic,78,train
series_456.csv,stochastic,72,train
series_457.csv,deterministic,137,train
series_458.csv,stochastic,83,train
series_459.csv,stochastic,144,train
series_460.csv,stochastic,94,train
series_461.csv,no_trend,28,train
series_462.csv,stochastic,82,train
series_463.csv,no_trend,41,train
series_464.csv,stochastic,128,train
series_465.csv,stochastic,136,train
series_466.csv,deterministic,49,train
series_467.csv,deterministic,125,train
series_468.csv,no_trend,70,train
series_469.csv,deterministic,89,train
series_470.csv,stochastic,144,train
series_471.csv,stochastic,146,train
series_472.csv,deterministic,131,train
series_473.csv,stochastic,96,train
series_474.csv,deterministic,118,train
series_475.csv,no_trend,109,train
series_476.csv,deterministic,136,train
series_477.csv,stochastic,85,train
series_478.csv,deterministic,88,train
series_479.csv,no_trend,121,train
series_480.csv,deterministic,138,train
series_481.csv,stochastic,101,train
series_482.csv,stochastic,99,train
series_483.csv,deterministic,117,train
series_484.csv,stochastic,108,train
series_485.csv,stochastic,41,train
series_486.csv,deterministic,117,train
series_487.csv,deterministic,149,train
series_488.csv,stochastic,70,train
series_489.csv,no_trend,134,train
series_490.csv,deterministic,110,train
series_491.csv,deterministic,42,train
series_492.csv,deterministic,130,train
series_493.csv,deterministic,31,train
series_494.csv,deterministic,96,train
series_495.csv,no_trend,116,train
series_496.csv,deterministic,122,train
series_497.csv,stochastic,40,train
series_498.csv,deterministic,58,train
series_499.csv,stochastic,42,train
series_500.csv,stochastic,113,test
series_501.csv,stochastic,103,test
series_502.csv,stochastic,22,test
series_503.csv,no_trend,83,test
series_504.csv,deterministic,121,test
series_505.csv,deterministic,139,test
series_506.csv,deterministic,131,test
series_507.csv,stochastic,48,test
series_508.csv,deterministic,73,test
series_509.csv,deterministic,92,test
series_510.csv,stochastic,51,test
series_511.csv,stochastic,148,test
series_512.csv,no_trend,20,test
series_513.csv,no_trend,136,test
series_514.csv,no_trend,56,test
series_515.csv,deterministic,22,test
series_516.csv,stochastic,119,test
series_517.csv,deterministic,91,test
series_518.csv,deterministic,71,test
series_519.csv,no_trend,102,test
series_520.csv,stochastic,33,test
series_521.csv,no_trend,130,test
series_522.csv,stochastic,74,test
series_523.csv,no_trend,147,test
series_524.csv,no_trend,115,test
series_525.csv,deterministic,88,test
series_526.csv,no_trend,147,test
series_527.csv,no_trend,26,test
series_528.csv,deterministic,92,test
series_529.csv,stochastic,26,test
series_530.csv,deterministic,39,test
series_531.csv,deterministic,125,test
series_532.csv,deterministic,85,test
series_533.csv,deterministic,129,test
series_534.csv,stochastic,22,test
series_535.csv,no_trend,113,test
series_536.csv,no_trend,35,test
series_537.csv,deterministic,122,test
series_538.csv,stochastic,77,test
series_539.csv,no_trend,68,test
series_540.csv,deterministic,52,test
series_541.csv,stochastic,139,test
series_542.csv,no_trend,38,test
series_543.csv,deterministic,25,test
series_544.csv,no_trend,110,test
series_545.csv,deterministic,111,test
series_546.csv,no_trend,137,test
series_547.csv,deterministic,99,test
series_548.csv,stochastic,100,test
series_549.csv,stochastic,135,test
series_550.csv,deterministic,28,test
series_551.csv,deterministic,38,test
series_552.csv,stochastic,65,test
series_553.csv,deterministic,138,test
series_554.csv,no_trend,36,test
series_555.csv,no_trend,104,test
series_556.csv,deterministic,37,test
series_557.csv,no_trend,150,test
series_558.csv,stochastic,128,test
series_559.csv,no_trend,102,test
series_560.csv,no_trend,150,test
series_561.csv,deterministic,98,test
series_562.csv,deterministic,41,test
series_563.csv,stochastic,106,test
series_564.csv,deterministic,94,test
series_565.csv,stochastic,54,test
series_566.csv,no_trend,55,test
series_567.csv,no_trend,74,test
series_568.csv,no_trend,26,test
series_569.csv,no_trend,57,test
series_570.csv,deterministic,127,test
series_571.csv,stochastic,123,test
series_572.csv,stochastic,48,test
series_573.csv,stochastic,77,test
series_574.csv,no_trend,129,test
series_575.csv,deterministic,70,test
series_576.csv,no_trend,28,test
series_577.csv,stochastic,56,test
series_578.csv,deterministic,109,test
series_579.csv,deterministic,108,test
series_580.csv,stochastic,81,test
series_581.csv,stochastic,144,test
series_582.csv,no_trend,111,test
series_583.csv,deterministic,22,test
series_584.csv,deterministic,87,test
series_585.csv,deterministic,101,test
series_586.csv,no_trend,121,test
series_587.csv,no_trend,130,test
series_588.csv,no_trend,110,test
series_589.csv,stochastic,33,test
series_590.csv,stochastic,141,test
series_591.csv,deterministic,29,test
series_592.csv,no_trend,52,test
series_593.csv,stochastic,109,test
series_594.csv,stochastic,100,test
series_595.csv,no_trend,26,test
series_596.csv,no_trend,89,test
series_597.csv,deterministic,148,test
series_598.csv,deterministic,105,test
series_599.csv,stochastic,66,test
series_600.csv,stochastic,143,test
series_601.csv,stochastic,30,test
series_602.csv,no_trend,86,test
series_603.csv,stochastic,25,test
series_604.csv,deterministic,56,test
series_605.csv,no_trend,87,test
series_606.csv,deterministic,55,test
series_607.csv,stochastic,114,test
series_608.csv,stochastic,149,test
series_609.csv,no_trend,53,test
series_610.csv,stochastic,95,test
series_611.csv,no_trend,124,test
series_612.csv,no_trend,65,test
series_613.csv,no_trend,85,test
series_614.csv,stochastic,78,test
series_615.csv,no_trend,58,test
series_616.csv,stochastic,29,test
series_617.csv,stochastic,133,test
series_618.csv,stochastic,138,test
series_619.csv,no_trend,133,test
series_620.csv,stochastic,77,test
series_621.csv,stochastic,60,test
series_622.csv,stochastic,50,test
series_623.csv,deterministic,90,test
series_624.csv,deterministic,112,test
series_625.csv,no_trend,30,test
series_626.csv,no_trend,121,test
series_627.csv,no_trend,109,test
series_628.csv,stochastic,139,test
series_629.csv,deterministic,123,test
series_630.csv,no_trend,113,test
series_631.csv,no_trend,149,test
series_632.csv,deterministic,108,test
series_633.csv,no_trend,115,test
series_634.csv,stochastic,110,test
series_635.csv,deterministic,90,test
series_636.csv,stochastic,111,test
series_637.csv,deterministic,127,test
series_638.csv,stochastic,67,test
series_639.csv,stochastic,86,test
series_640.csv,deterministic,72,test
series_641.csv,deterministic,110,test
series_642.csv,deterministic,145,test
series_643.csv,stochastic,115,test
series_644.csv,deterministic,128,test
series_645.csv,deterministic,59,test
series_646.csv,deterministic,121,test
series_647.csv,no_trend,100,test
series_648.csv,stochastic,114,test
series_649.csv,stochastic,137,test
series_650.csv,deterministic,120,test
series_651.csv,no_trend,132,test
series_652.csv,no_trend,88,test
series_653.csv,stochastic,76,test
series_654.csv,deterministic,68,test
series_655.csv,stochastic,120,test
series_656.csv,no_trend,103,test
series_657.csv,deterministic,92,test
series_658.csv,deterministic,26,test
series_659.csv,stochastic,108,test
series_660.csv,no_trend,123,test
series_661.csv,deterministic,73,test
series_662.csv,stochastic,147,test
series_663.csv,no_trend,145,test
series_664.csv,deterministic,137,test
series_665.csv,stochastic,61,test
series_666.csv,stochastic,38,test
series_667.csv,stochastic,23,test
series_668.csv,deterministic,130,test
series_669.csv,deterministic,32,test
series_670.csv,no_trend,110,test
series_671.csv,stochastic,89,test
series_672.csv,no_trend,75,test
series_673.csv,no_trend,83,test
series_674.csv,deterministic,104,test
series_675.csv,stochastic,51,test
series_676.csv,stochastic,23,test
series_677.csv,stochastic,125,test
series_678.csv,no_trend,100,test
series_679.csv,deterministic,150,test
series_680.csv,deterministic,88,test
series_681.csv,stochastic,40,test
series_682.csv,stochastic,32,test
series_683.csv,no_trend,130,test
series_684.csv,deterministic,137,test
series_685.csv,stochastic,26,test
series_686.csv,deterministic,79,test
series_687.csv,deterministic,72,test
series_688.csv,deterministic,79,test
series_689.csv,deterministic,138,test
series_690.csv,no_trend,59,test
series_691.csv,deterministic,57,test
series_692.csv,deterministic,61,test
series_693.csv,deterministic,61,test
series_694.csv,no_trend,111,test
series_695.csv,stochastic,133,test
series_696.csv,no_trend,20,test
series_697.csv,no_trend,26,test
series_698.csv,stochastic,51,test
series_699.csv,stochastic,43,test
series_700.csv,stochastic,64,test
series_701.csv,no_trend,93,test
series_702.csv,stochastic,64,test
series_703.csv,deterministic,26,test
series_704.csv,deterministic,108,test
series_705.csv,stochastic,130,test
series_706.csv,deterministic,84,test
series_707.csv,stochastic,124,test
series_708.csv,stochastic,74,test
series_709.csv,deterministic,137,test
series_710.csv,stochastic,70,test
series_711.csv,no_trend,94,test
series_712.csv,deterministic,87,test
series_713.csv,no_trend,45,test
series_714.csv,no_trend,23,test
series_715.csv,no_trend,68,test
series_716.csv,deterministic,87,test
series_717.csv,no_trend,124,test
series_718.csv,deterministic,150,test
series_719.csv,no_trend,113,test
series_720.csv,deterministic,148,test
series_721.csv,stochastic,59,test
series_722.csv,deterministic,45,test
series_723.csv,deterministic,31,test
series_724.csv,deterministic,40,test
series_725.csv,no_trend,147,test
series_726.csv,no_trend,70,test
series_727.csv,no_trend,58,test
series_728.csv,no_trend,52,test
series_729.csv,stochastic,127,test
series_730.csv,no_trend,76,test
series_731.csv,stochastic,128,test
series_732.csv,deterministic,28,test
series_733.csv,deterministic,43,test
series_734.csv,deterministic,30,test
series_735.csv,stochastic,123,test
series_736.csv,no_trend,35,test
series_737.csv,stochastic,59,test
series_738.csv,no_trend,24,test
series_739.csv,deterministic,41,test
series_740.csv,no_trend,76,test
series_741.csv,deterministic,71,test
series_742.csv,no_trend,50,test
series_743.csv,stochastic,111,test
series_744.csv,stochastic,74,test
series_745.csv,stochastic,59,test
series_746.csv,no_trend,126,test
series_747.csv,no_trend,22,test
series_748.csv,stochastic,66,test
series_749.csv,no_trend,70,test
series_750.csv,stochastic,144,test
series_751.csv,deterministic,72,test
series_752.csv,no_trend,76,test
series_753.csv,deterministic,35,test
series_754.csv,no_trend,137,test
series_755.csv,no_trend,140,test
series_756.csv,stochastic,99,test
series_757.csv,no_trend,70,test
series_758.csv,no_trend,72,test
series_759.csv,stochastic,36,test
series_760.csv,stochastic,138,test
series_761.csv,stochastic,150,test
series_762.csv,no_trend,77,test
series_763.csv,deterministic,61,test
series_764.csv,no_trend,102,test
series_765.csv,stochastic,41,test
series_766.csv,no_trend,23,test
series_767.csv,no_trend,136,test
series_768.csv,no_trend,35,test
series_769.csv,stochastic,40,test
series_770.csv,stochastic,76,test
series_771.csv,deterministic,73,test
series_772.csv,stochastic,59,test
series_773.csv,deterministic,121,test
series_774.csv,stochastic,147,test
series_775.csv,stochastic,51,test
series_776.csv,stochastic,137,test
series_777.csv,stochastic,23,test
series_778.csv,deterministic,37,test
series_779.csv,stochastic,122,test
series_780.csv,deterministic,118,test
series_781.csv,stochastic,47,test
series_782.csv,no_trend,42,test
series_783.csv,deterministic,75,test
series_784.csv,no_trend,65,test
series_785.csv,stochastic,64,test
series_786.csv,stochastic,70,test
series_787.csv,deterministic,48,test
series_788.csv,deterministic,130,test
series_789.csv,stochastic,104,test
series_790.csv,no_trend,34,test
series_791.csv,stochastic,37,test
series_792.csv,stochastic,127,test
series_793.csv,stochastic,64,test
series_794.csv,no_trend,118,test
series_795.csv,stochastic,111,test
series_796.csv,no_trend,50,test
series_797.csv,stochastic,125,test
series_798.csv,no_trend,65,test
series_799.csv,no_trend,135,test
series_800.csv,stochastic,45,test
series_801.csv,deterministic,28,test
series_802.csv,deterministic,97,test
series_803.csv,no_trend,103,test
series_804.csv,deterministic,116,test
series_805.csv,deterministic,149,test
series_806.csv,deterministic,30,test
series_807.csv,deterministic,39,test
series_808.csv,stochastic,21,test
series_809.csv,no_trend,103,test
series_810.csv,no_trend,24,test
series_811.csv,stochastic,139,test
series_812.csv,stochastic,26,test
series_813.csv,stochastic,41,test
series_814.csv,deterministic,141,test
series_815.csv,stochastic,120,test
series_816.csv,stochastic,36,test
series_817.csv,no_trend,109,test
series_818.csv,no_trend,110,test
series_819.csv,stochastic,133,test
series_820.csv,deterministic,60,test
series_821.csv,no_trend,91,test
series_822.csv,stochastic,46,test
series_823.csv,stochastic,30,test
series_824.csv,no_trend,139,test
series_825.csv,no_trend,92,test
series_826.csv,deterministic,66,test
series_827.csv,stochastic,77,test
series_828.csv,deterministic,23,test
series_829.csv,stochastic,31,test
series_830.csv,no_trend,102,test
series_831.csv,deterministic,23,test
series_832.csv,stochastic,32,test
series_833.csv,deterministic,121,test
series_834.csv,deterministic,57,test
series_835.csv,deterministic,20,test
series_836.csv,stochastic,35,test
series_837.csv,stochastic,121,test
series_838.csv,deterministic,45,test
series_839.csv,no_trend,97,test
series_840.csv,deterministic,95,test
series_841.csv,no_trend,96,test
series_842.csv,deterministic,66,test
series_843.csv,stochastic,27,test
series_844.csv,no_trend,100,test
series_845.csv,stochastic,143,test
series_846.csv,no_trend,109,test
series_847.csv,stochastic,47,test
series_848.csv,deterministic,22,test
series_849.csv,deterministic,76,test
series_850.csv,deterministic,20,test
series_851.csv,no_trend,116,test
series_852.csv,no_trend,22,test
series_853.csv,deterministic,36,test
series_854.csv,deterministic,97,test
series_855.csv,deterministic,57,test
series_856.csv,deterministic,54,test
series_857.csv,stochastic,40,test
series_858.csv,deterministic,97,test
series_859.csv,stochastic,42,test
series_860.csv,deterministic,76,test
series_861.csv,deterministic,114,test
series_862.csv,deterministic,130,test
series_863.csv,stochastic,75,test
series_864.csv,stochastic,70,test
series_865.csv,no_trend,111,test
series_866.csv,deterministic,63,test
series_867.csv,no_trend,73,test
series_868.csv,deterministic,138,test
series_869.csv,stochastic,117,test
series_870.csv,deterministic,111,test
series_871.csv,stochastic,60,test
series_872.csv,no_trend,121,test
series_873.csv,stochastic,106,test
series_874.csv,no_trend,29,test
series_875.csv,deterministic,108,test
series_876.csv,no_trend,26,test
series_877.csv,deterministic,147,test
series_878.csv,deterministic,53,test
series_879.csv,no_trend,31,test
series_880.csv,no_trend,26,test
series_881.csv,deterministic,64,test
series_882.csv,stochastic,82,test
series_883.csv,deterministic,25,test
series_884.csv,stochastic,106,test
series_885.csv,deterministic,105,test
series_886.csv,stochastic,137,test
series_887.csv,stochastic,131,test
series_888.csv,deterministic,75,test
series_889.csv,deterministic,83,test
series_890.csv,deterministic,70,test
series_891.csv,no_trend,146,test
series_892.csv,deterministic,70,test
series_893.csv,no_trend,84,test
series_894.csv,no_trend,25,test
series_895.csv,no_trend,28,test
series_896.csv,no_trend,82,test
series_897.csv,stochastic,30,test
series_898.csv,stochastic,125,test
series_899.csv,no_trend,87,test
series_900.csv,deterministic,86,test
series_901.csv,deterministic,43,test
series_902.csv,deterministic,86,test
series_903.csv,stochastic,90,test
series_904.csv,deterministic,21,test
series_905.csv,stochastic,68,test
series_906.csv,deterministic,141,test
series_907.csv,no_trend,106,test
series_908.csv,no_trend,37,test
series_909.csv,no_trend,55,test
series_910.csv,stochastic,41,test
series_911.csv,stochastic,107,test
series_912.csv,deterministic,77,test
series_913.csv,deterministic,139,test
series_914.csv,deterministic,146,test
series_915.csv,stochastic,47,test
series_916.csv,deterministic,94,test
series_917.csv,stochastic,63,test
series_918.csv,stochastic,24,test
series_919.csv,no_trend,143,test
series_920.csv,deterministic,62,test
series_921.csv,stochastic,32,test
series_922.csv,stochastic,50,test
series_923.csv,deterministic,40,test
series_924.csv,no_trend,30,test
series_925.csv,deterministic,81,test
series_926.csv,no_trend,135,test
series_927.csv,no_trend,141,test
series_928.csv,stochastic,96,test
series_929.csv,no_trend,137,test
series_930.csv,no_trend,128,test
series_931.csv,stochastic,47,test
series_932.csv,deterministic,123,test
series_933.csv,stochastic,109,test
series_934.csv,no_trend,126,test
series_935.csv,no_trend,47,test
series_936.csv,no_trend,74,test
series_937.csv,no_trend,67,test
series_938.csv,stochastic,57,test
series_939.csv,deterministic,137,test
series_940.csv,stochastic,70,test
series_941.csv,deterministic,140,test
series_942.csv,stochastic,112,test
series_943.csv,stochastic,117,test
series_944.csv,stochastic,132,test
series_945.csv,deterministic,30,test
series_946.csv,stochastic,117,test
series_947.csv,no_trend,56,test
series_948.csv,no_trend,48,test
series_949.csv,stochastic,42,test
series_950.csv,deterministic,80,test
series_951.csv,no_trend,113,test
series_952.csv,stochastic,88,test
series_953.csv,no_trend,130,test
series_954.csv,deterministic,60,test
series_955.csv,deterministic,83,test
series_956.csv,no_trend,86,test
series_957.csv,stochastic,62,test
series_958.csv,stochastic,20,test
series_959.csv,no_trend,85,test
series_960.csv,stochastic,129,test
series_961.csv,stochastic,86,test
series_962.csv,stochastic,23,test
series_963.csv,no_trend,90,test
series_964.csv,no_trend,110,test
series_965.csv,deterministic,33,test
series_966.csv,no_trend,107,test
series_967.csv,stochastic,124,test
series_968.csv,deterministic,80,test
series_969.csv,stochastic,99,test
series_970.csv,deterministic,135,test
series_971.csv,no_trend,67,test
series_972.csv,stochastic,92,test
series_973.csv,deterministic,72,test
series_974.csv,deterministic,118,test
series_975.csv,no_trend,115,test
series_976.csv,stochastic,64,test
series_977.csv,stochastic,37,test
series_978.csv,deterministic,112,test
series_979.csv,deterministic,103,test
series_980.csv,deterministic,145,test
series_981.csv,no_trend,109,test
series_982.csv,stochastic,35,test
series_983.csv,no_trend,63,test
series_984.csv,deterministic,141,test
series_985.csv,stochastic,133,test
series_986.csv,no_trend,82,test
series_987.csv,deterministic,62,test
series_988.csv,no_trend,71,test
series_989.csv,deterministic,126,test
series_990.csv,stochastic,91,test
series_991.csv,deterministic,146,test
series_992.csv,no_trend,37,test
series_993.csv,no_trend,44,test
series_994.csv,deterministic,69,test
series_995.csv,deterministic,92,test
series_996.csv,deterministic,149,test
series_997.csv,stochastic,99,test
series_998.csv,deterministic,46,test
series_999.csv,no_trend,145,test
